,precision,recall,f1-score,support
no,0.9416666666666667,0.9691605839416059,0.9552158273381295,10960.0
yes,0.6858736059479554,0.5286532951289399,0.5970873786407768,1396.0
accuracy,0.9193913887989641,0.9193913887989641,0.9193913887989641,0.9193913887989641
macro avg,0.8137701363073111,0.7489069395352729,0.7761516029894531,12356.0
weighted avg,0.9127667708457439,0.9193913887989641,0.9147539210269038,12356.0
