,precision,recall,f1-score,support
no,0.9411868910540301,0.9695255474452554,0.9551460674157303,10960.0
yes,0.6866791744840526,0.5243553008595988,0.59463850528026,1396.0
accuracy,0.9192295241178375,0.9192295241178375,0.9192295241178375,0.9192295241178375
macro avg,0.8139330327690413,0.7469404241524271,0.7748922863479951,12356.0
weighted avg,0.9124322154040068,0.9192295241178375,0.9144153651867631,12356.0
