{"classification_metrics": {"validation:auc": {"value": 0.8189532160758972}, "train:auc": {"value": 0.9342334270477295}}}