Type,Name,Request Count,Failure Count,Median Response Time,Average Response Time,Min Response Time,Max Response Time,Average Content Size,Requests/s,Failures/s,50%,66%,75%,80%,90%,95%,98%,99%,99.9%,99.99%,100%
InvokeEndpoint,SageMaker,1772531,1772531,16,16.084601949271757,11.837014000775525,177.19785700319335,0.0,5908.352710467606,5908.352710467606,16,16,17,17,18,18,19,20,74,120,180
,Aggregated,1772531,1772531,16,16.084601949271757,11.837014000775525,177.19785700319335,0.0,5908.352710467606,5908.352710467606,16,16,17,17,18,18,19,20,74,120,180
