Type,Name,Request Count,Failure Count,Median Response Time,Average Response Time,Min Response Time,Max Response Time,Average Content Size,Requests/s,Failures/s,50%,66%,75%,80%,90%,95%,98%,99%,99.9%,99.99%,100%
InvokeEndpoint,SageMaker,1764307,1764307,16,16.16635985760197,11.861472001328366,176.5007499998319,0.0,5880.933499260911,5880.933499260911,16,17,17,17,18,18,19,20,72,120,180
,Aggregated,1764307,1764307,16,16.16635985760197,11.861472001328366,176.5007499998319,0.0,5880.933499260911,5880.933499260911,16,17,17,17,18,18,19,20,72,120,180
