Type,Name,Request Count,Failure Count,Median Response Time,Average Response Time,Min Response Time,Max Response Time,Average Content Size,Requests/s,Failures/s,50%,66%,75%,80%,90%,95%,98%,99%,99.9%,99.99%,100%
InvokeEndpoint,SageMaker,369352,0,65,78.00312382824077,5.552652000005764,485.88360600024316,0.0,1231.1688246584383,0.0,65,89,110,120,160,190,220,240,310,390,490
,Aggregated,369352,0,65,78.00312382824077,5.552652000005764,485.88360600024316,0.0,1231.1688246584383,0.0,65,89,110,120,160,190,220,240,310,390,490
