Type,Name,Request Count,Failure Count,Median Response Time,Average Response Time,Min Response Time,Max Response Time,Average Content Size,Requests/s,Failures/s,50%,66%,75%,80%,90%,95%,98%,99%,99.9%,99.99%,100%
InvokeEndpoint,SageMaker,58104,0,590.0,495.6368661835002,10.624602999996569,782.6325249998263,0.0,193.67980051595254,0.0,590,600,610,610,620,640,680,700,740,750,780
,Aggregated,58104,0,590.0,495.6368661835002,10.624602999996569,782.6325249998263,0.0,193.67980051595254,0.0,590,600,610,610,620,640,680,700,740,750,780
