Type,Name,Request Count,Failure Count,Median Response Time,Average Response Time,Min Response Time,Max Response Time,Average Content Size,Requests/s,Failures/s,50%,66%,75%,80%,90%,95%,98%,99%,99.9%,99.99%,100%
InvokeEndpoint,SageMaker,372840,0,65,77.26075426217287,5.676960106939077,446.2946499697864,0.0,1242.7940936496416,0.0,65,89,110,120,150,180,220,240,300,370,450
,Aggregated,372840,0,65,77.26075426217287,5.676960106939077,446.2946499697864,0.0,1242.7940936496416,0.0,65,89,110,120,150,180,220,240,300,370,450
