Type,Name,Request Count,Failure Count,Median Response Time,Average Response Time,Min Response Time,Max Response Time,Average Content Size,Requests/s,Failures/s,50%,66%,75%,80%,90%,95%,98%,99%,99.9%,99.99%,100%
InvokeEndpoint,SageMaker,1747793,1747793,16,16.315135394540867,11.957195001741638,244.52392400053213,0.0,5825.864477594569,5825.864477594569,16,17,17,17,18,18,19,21,83,120,240
,Aggregated,1747793,1747793,16,16.315135394540867,11.957195001741638,244.52392400053213,0.0,5825.864477594569,5825.864477594569,16,17,17,17,18,18,19,21,83,120,240
