Type,Name,Request Count,Failure Count,Median Response Time,Average Response Time,Min Response Time,Max Response Time,Average Content Size,Requests/s,Failures/s,50%,66%,75%,80%,90%,95%,98%,99%,99.9%,99.99%,100%
InvokeEndpoint,SageMaker,148974,1,210.0,193.45487277558394,8.960345999184938,736.9164499996259,0.0,496.581174470246,0.0033333412170596616,210,220,240,240,250,260,280,290,420,580,740
,Aggregated,148974,1,210.0,193.45487277558394,8.960345999184938,736.9164499996259,0.0,496.581174470246,0.0033333412170596616,210,220,240,240,250,260,280,290,420,580,740
