Type,Name,Request Count,Failure Count,Median Response Time,Average Response Time,Min Response Time,Max Response Time,Average Content Size,Requests/s,Failures/s,50%,66%,75%,80%,90%,95%,98%,99%,99.9%,99.99%,100%
InvokeEndpoint,SageMaker,1741155,1741155,16,16.389946708695454,12.121023843064904,249.53900696709752,0.0,5803.741691635129,5803.741691635129,16,17,17,17,18,18,19,20,74,120,250
,Aggregated,1741155,1741155,16,16.389946708695454,12.121023843064904,249.53900696709752,0.0,5803.741691635129,5803.741691635129,16,17,17,17,18,18,19,20,74,120,250
